<config xmlns:xsi="http://www.w3.org/2001/XMLSchema-instance" xsi:noNamespaceSchemaLocation="../../../../../lib/internal/Magento/Framework/ObjectManager/etc/config.xsd">
    <type name="Magento\Framework\View\Element\UiComponent\DataProvider\CollectionFactory">
        <arguments>
            <argument name="collections" xsi:type="array">
                <item name="chetu_myform_admin_grid_listing_data_source" xsi:type="string">Chetu\Myform\Model\ResourceModel\Admin\Grid\Collection</item>
            </argument>
        </arguments>
    </type>
    <virtualType name="Chetu\Myform\Model\ResourceModel\Post\Grid\Collection" type="Magento\Framework\View\Element\UiComponent\DataProvider\SearchResult">
        <arguments>
            <argument name="mainTable" xsi:type="string">Chetu_Myform_Admin_Grid</argument>
            <argument name="resourceModel" xsi:type="string">Chetu\Myform\Model\ResourceModel\Post</argument>
        </arguments>
    </virtualType>
</config>